"","BotDFS","BotRB","BotRandom1","BotRandom2"
"Winrate","57.258065722580646","37.25806459032258","2.8225806451612905","2.338709677419355"
"Score moyen","23.48709677419355","21.558870964516128","10.51774193266129","10.596774190725805"
"Nombre de partie","1240.0","1240.0","1240.0","1240.0"
