,"Bot1","Bot2","Bot3","Bot4"
"Winrate","53.04029317802198","43.516483550183146","1.648351684981685","1.6117216117216118"
"Score moyen","22.84688644688645","22.38168498021978","9.914285713003661","10.309157507875458"
"Nombre de partie","2730.0","2730.0","2730.0","2730.0"
