"","BotDFS","BotRB","BotRandom1","BotRandom2"
"Winrate","56.54761987619048","38.45238106190477","2.619047619047619","2.0238095238095237"
"Score moyen","23.035714285714285","21.23214285238095","9.809523805357141","9.72499999583333"
"Nombre de partie","840.0","840.0","840.0","840.0"
