,"Bot1","Bot2","Bot3","Bot4"
"Winrate","58.18181885454545","39.09090930000001","1.5909090909090908","1.1363636363636362"
"Score moyen","23.102272727272727","21.202272718181813","9.572727264772725","9.424999992045452"
"Nombre de partie","440.0","440.0","440.0","440.0"
