"","BotDFS","BotRB","BotRandom1","BotRandom2"
"Winrate","57.74390335121951","36.463414812195126","2.8658536585365852","2.682926829268293"
"Score moyen","23.619512195121953","21.626829265853658","10.875609753963417","11.037804875914633"
"Nombre de partie","1640.0","1640.0","1640.0","1640.0"
