"","BotDFS","BotRB","BotRandom1","BotRandom2"
"Winrate","58.33333437222222","36.180555758333334","2.8472222222222223","2.3611111111111107"
"Score moyen","23.654166666666665","21.572222219444445","10.724999997569444","10.844444442013888"
"Nombre de partie","1440.0","1440.0","1440.0","1440.0"
