,"Bot1","Bot2","Bot3","Bot4"
"Winrate","56.61016999322034","40.338983206779666","1.8644067796610169","1.0169491525423728"
"Score moyen","23.035593220338985","21.54745762033898","9.688135587288134","9.699999994067795"
"Nombre de partie","590.0","590.0","590.0","590.0"
