"","BotDFS","BotRB","BotRandom1","BotRandom2"
"Winrate","56.2765969106383","38.61702137446809","2.6595744680851063","2.021276595744681"
"Score moyen","23.120212765957447","21.534042548936167","10.145744677127658","10.093617017553191"
"Nombre de partie","940.0","940.0","940.0","940.0"
