,"Bot1","Bot2","Bot3","Bot4"
"Winrate","58.333336499999994","41.66666949999999","0.0","0.0"
"Score moyen","22.0","20.25","9.083333125000001","7.499999875"
"Nombre de partie","12.0","12.0","12.0","12.0"
