,"Bot1","Bot2","Bot3","Bot4"
"Winrate","58.421054189473686","39.473684694736846","1.5789473684210527","0.5263157894736842"
"Score moyen","23.1","20.8473684","9.373684192105262","9.09473682368421"
"Nombre de partie","190.0","190.0","190.0","190.0"
